# code	title	kind	source
F00-F99	Класс V. Психические расстройства и расстройства поведения	diagnosis	icd10_f_data.py
F00	Деменция при болезни Альцгеймера	diagnosis	icd10_f_data.py
F00.0	Деменция при болезни Альцгеймера с ранним началом	diagnosis	icd10_f_data.py
F00.1	Деменция при болезни Альцгеймера с поздним началом	diagnosis	icd10_f_data.py
F00.2	Деменция при болезни Альцгеймера, атипичная или смешанного типа	diagnosis	icd10_f_data.py
F00.9	Деменция при болезни Альцгеймера неуточнённая	diagnosis	icd10_f_data.py
F01	Сосудистая деменция	diagnosis	icd10_f_data.py
F01.0	Сосудистая деменция с острым началом	diagnosis	icd10_f_data.py
F01.1	Мультиинфарктная деменция	diagnosis	icd10_f_data.py
F01.2	Подкорковая сосудистая деменция	diagnosis	icd10_f_data.py
F01.3	Смешанная корковая и подкорковая сосудистая деменция	diagnosis	icd10_f_data.py
F01.8	Другая сосудистая деменция	diagnosis	icd10_f_data.py
F01.9	Сосудистая деменция неуточнённая	diagnosis	icd10_f_data.py
F02	Деменция при других болезнях, классифицированных в других рубриках	diagnosis	icd10_f_data.py
F02.0	Деменция при болезни Пика	diagnosis	icd10_f_data.py
F02.1	Деменция при болезни Крейтцфельдта-Якоба	diagnosis	icd10_f_data.py
F02.2	Деменция при болезни Гентингтона	diagnosis	icd10_f_data.py
F02.3	Деменция при болезни Паркинсона	diagnosis	icd10_f_data.py
F02.4	Деменция при болезни, вызванной вирусом иммунодефицита человека	diagnosis	icd10_f_data.py
F02.8	Деменция при других уточнённых болезнях	diagnosis	icd10_f_data.py
F03	Деменция неуточнённая	diagnosis	icd10_f_data.py
F04	Органический амнестический синдром, не вызванный алкоголем или другими психоактивными веществами	diagnosis	icd10_f_data.py
F05	Делирий, не вызванный алкоголем или другими психоактивными веществами	diagnosis	icd10_f_data.py
F05.0	Делирий, не возникающий на фоне деменции	diagnosis	icd10_f_data.py
F05.1	Делирий, возникающий на фоне деменции	diagnosis	icd10_f_data.py
F05.8	Другой делирий	diagnosis	icd10_f_data.py
F05.9	Делирий неуточнённый	diagnosis	icd10_f_data.py
F06	Другие психические расстройства вследствие повреждения и дисфункции головного мозга или соматической болезни	diagnosis	icd10_f_data.py
F06.0	Органический галлюциноз	diagnosis	icd10_f_data.py
F06.1	Органическое кататоническое расстройство	diagnosis	icd10_f_data.py
F06.2	Органическое бредовое расстройство	diagnosis	icd10_f_data.py
F06.3	Органические расстройства настроения	diagnosis	icd10_f_data.py
F06.4	Органическое тревожное расстройство	diagnosis	icd10_f_data.py
F06.5	Органическое диссоциативное расстройство	diagnosis	icd10_f_data.py
F06.6	Органическое эмоционально лабильное расстройство	diagnosis	icd10_f_data.py
F06.7	Лёгкое когнитивное расстройство	diagnosis	icd10_f_data.py
F06.8	Другие уточнённые органические психические расстройства	diagnosis	icd10_f_data.py
F06.9	Органическое психическое расстройство неуточнённое	diagnosis	icd10_f_data.py
F07	Расстройства личности и поведения вследствие болезни, повреждения или дисфункции головного мозга	diagnosis	icd10_f_data.py
F07.0	Органическое расстройство личности	diagnosis	icd10_f_data.py
F07.1	Постэнцефалитический синдром	diagnosis	icd10_f_data.py
F07.2	Постконтузионный синдром	diagnosis	icd10_f_data.py
F07.8	Другие органические расстройства личности и поведения	diagnosis	icd10_f_data.py
F07.9	Органическое расстройство личности и поведения неуточнённое	diagnosis	icd10_f_data.py
F09	Органическое или симптоматическое психическое расстройство неуточнённое	diagnosis	icd10_f_data.py
F20	Шизофрения	diagnosis	icd10_f_data.py
F20.0	Параноидная шизофрения	diagnosis	icd10_f_data.py
F20.1	Гебефреническая шизофрения	diagnosis	icd10_f_data.py
F20.2	Кататоническая шизофрения	diagnosis	icd10_f_data.py
F20.3	Недифференцированная шизофрения	diagnosis	icd10_f_data.py
F20.4	Постшизофреническая депрессия	diagnosis	icd10_f_data.py
F20.5	Резидуальная шизофрения	diagnosis	icd10_f_data.py
F20.6	Простая шизофрения	diagnosis	icd10_f_data.py
F20.8	Другой тип шизофрении	diagnosis	icd10_f_data.py
F20.9	Шизофрения неуточнённая	diagnosis	icd10_f_data.py
F21	Шизотипическое расстройство	diagnosis	icd10_f_data.py
F22	Хронические бредовые расстройства	diagnosis	icd10_f_data.py
F22.0	Бредовое расстройство	diagnosis	icd10_f_data.py
F22.8	Другие хронические бредовые расстройства	diagnosis	icd10_f_data.py
F22.9	Хроническое бредовое расстройство неуточнённое	diagnosis	icd10_f_data.py
F23	Острые и преходящие психотические расстройства	diagnosis	icd10_f_data.py
F23.0	Острое полиморфное психотическое расстройство без симптомов шизофрении	diagnosis	icd10_f_data.py
F23.1	Острое полиморфное психотическое расстройство с симптомами шизофрении	diagnosis	icd10_f_data.py
F23.2	Острое шизофреноподобное психотическое расстройство	diagnosis	icd10_f_data.py
F23.3	Другие острые преимущественно бредовые психотические расстройства	diagnosis	icd10_f_data.py
F23.8	Другие острые и преходящие психотические расстройства	diagnosis	icd10_f_data.py
F23.9	Острое и преходящее психотическое расстройство неуточнённое	diagnosis	icd10_f_data.py
F24	Индуцированное бредовое расстройство	diagnosis	icd10_f_data.py
F25	Шизоаффективные расстройства	diagnosis	icd10_f_data.py
F25.0	Шизоаффективное расстройство, маниакальный тип	diagnosis	icd10_f_data.py
F25.1	Шизоаффективное расстройство, депрессивный тип	diagnosis	icd10_f_data.py
F25.2	Шизоаффективное расстройство, смешанный тип	diagnosis	icd10_f_data.py
F25.8	Другие шизоаффективные расстройства	diagnosis	icd10_f_data.py
F25.9	Шизоаффективное расстройство неуточнённое	diagnosis	icd10_f_data.py
F28	Другие неорганические психотические расстройства	diagnosis	icd10_f_data.py
F29	Неорганический психоз неуточнённый	diagnosis	icd10_f_data.py
F30	Маниакальный эпизод	diagnosis	icd10_f_data.py
F30.0	Гипомания	diagnosis	icd10_f_data.py
F30.1	Мания без психотических симптомов	diagnosis	icd10_f_data.py
F30.2	Мания с психотическими симптомами	diagnosis	icd10_f_data.py
F30.8	Другие маниакальные эпизоды	diagnosis	icd10_f_data.py
F30.9	Маниакальный эпизод неуточнённый	diagnosis	icd10_f_data.py
F31	Биполярное аффективное расстройство	diagnosis	icd10_f_data.py
F31.0	Биполярное аффективное расстройство, текущий эпизод гипомании	diagnosis	icd10_f_data.py
F31.1	Биполярное аффективное расстройство, текущий эпизод мании без психотических симптомов	diagnosis	icd10_f_data.py
F31.2	Биполярное аффективное расстройство, текущий эпизод мании с психотическими симптомами	diagnosis	icd10_f_data.py
F31.3	Биполярное аффективное расстройство, текущий эпизод лёгкой или умеренной депрессии	diagnosis	icd10_f_data.py
F31.4	Биполярное аффективное расстройство, текущий эпизод тяжёлой депрессии без психотических симптомов	diagnosis	icd10_f_data.py
F31.5	Биполярное аффективное расстройство, текущий эпизод тяжёлой депрессии с психотическими симптомами	diagnosis	icd10_f_data.py
F31.6	Биполярное аффективное расстройство, текущий эпизод смешанного характера	diagnosis	icd10_f_data.py
F31.7	Биполярное аффективное расстройство, текущая ремиссия	diagnosis	icd10_f_data.py
F31.8	Другие биполярные аффективные расстройства	diagnosis	icd10_f_data.py
F31.9	Биполярное аффективное расстройство неуточнённое	diagnosis	icd10_f_data.py
F32	Депрессивный эпизод	diagnosis	icd10_f_data.py
F32.0	Депрессивный эпизод лёгкой степени	diagnosis	icd10_f_data.py
F32.1	Депрессивный эпизод средней степени	diagnosis	icd10_f_data.py
F32.2	Депрессивный эпизод тяжёлой степени без психотических симптомов	diagnosis	icd10_f_data.py
F32.3	Депрессивный эпизод тяжёлой степени с психотическими симптомами	diagnosis	icd10_f_data.py
F32.8	Другие депрессивные эпизоды	diagnosis	icd10_f_data.py
F32.9	Депрессивный эпизод неуточнённый	diagnosis	icd10_f_data.py
F33	Рекуррентное депрессивное расстройство	diagnosis	icd10_f_data.py
F33.0	Рекуррентное депрессивное расстройство, текущий эпизод лёгкой степени	diagnosis	icd10_f_data.py
F33.1	Рекуррентное депрессивное расстройство, текущий эпизод средней степени	diagnosis	icd10_f_data.py
F33.2	Рекуррентное депрессивное расстройство, текущий эпизод тяжёлой степени без психотических симптомов	diagnosis	icd10_f_data.py
F33.3	Рекуррентное депрессивное расстройство, текущий эпизод тяжёлой степени с психотическими симптомами	diagnosis	icd10_f_data.py
F33.4	Рекуррентное депрессивное расстройство, текущая ремиссия	diagnosis	icd10_f_data.py
F33.8	Другие рекуррентные депрессивные расстройства	diagnosis	icd10_f_data.py
F33.9	Рекуррентное депрессивное расстройство неуточнённое	diagnosis	icd10_f_data.py
F34	Устойчивые расстройства настроения	diagnosis	icd10_f_data.py
F34.0	Циклотимия	diagnosis	icd10_f_data.py
F34.1	Дистимия	diagnosis	icd10_f_data.py
F34.8	Другие устойчивые расстройства настроения	diagnosis	icd10_f_data.py
F34.9	Устойчивое расстройство настроения неуточнённое	diagnosis	icd10_f_data.py
F38	Другие расстройства настроения	diagnosis	icd10_f_data.py
F38.0	Другие одиночные расстройства настроения	diagnosis	icd10_f_data.py
F38.1	Другие рекуррентные расстройства настроения	diagnosis	icd10_f_data.py
F38.8	Другие уточнённые расстройства настроения	diagnosis	icd10_f_data.py
F39	Расстройство настроения неуточнённое	diagnosis	icd10_f_data.py
F40	Фобические тревожные расстройства	diagnosis	icd10_f_data.py
F40.0	Агорафобия	diagnosis	icd10_f_data.py
F40.1	Социальные фобии	diagnosis	icd10_f_data.py
F40.2	Специфические изолированные фобии	diagnosis	icd10_f_data.py
F40.8	Другие фобические тревожные расстройства	diagnosis	icd10_f_data.py
F40.9	Фобическое тревожное расстройство неуточнённое	diagnosis	icd10_f_data.py
F41	Другие тревожные расстройства	diagnosis	icd10_f_data.py
F41.0	Паническое расстройство	diagnosis	icd10_f_data.py
F41.1	Генерализованное тревожное расстройство	diagnosis	icd10_f_data.py
F41.2	Смешанное тревожное и депрессивное расстройство	diagnosis	icd10_f_data.py
F41.3	Другие смешанные тревожные расстройства	diagnosis	icd10_f_data.py
F41.8	Другие уточнённые тревожные расстройства	diagnosis	icd10_f_data.py
F41.9	Тревожное расстройство неуточнённое	diagnosis	icd10_f_data.py
F42	Обсессивно-компульсивное расстройство	diagnosis	icd10_f_data.py
F42.0	Преимущественно навязчивые мысли или размышления	diagnosis	icd10_f_data.py
F42.1	Преимущественно компульсивные действия	diagnosis	icd10_f_data.py
F42.2	Смешанные навязчивые мысли и действия	diagnosis	icd10_f_data.py
F42.8	Другие обсессивно-компульсивные расстройства	diagnosis	icd10_f_data.py
F42.9	Обсессивно-компульсивное расстройство неуточнённое	diagnosis	icd10_f_data.py
F43	Реакция на тяжёлый стресс и нарушения адаптации	diagnosis	icd10_f_data.py
F43.0	Острая реакция на стресс	diagnosis	icd10_f_data.py
F43.1	Посттравматическое стрессовое расстройство	diagnosis	icd10_f_data.py
F43.2	Расстройства адаптации	diagnosis	icd10_f_data.py
F43.8	Другие реакции на тяжёлый стресс	diagnosis	icd10_f_data.py
F43.9	Реакция на тяжёлый стресс неуточнённая	diagnosis	icd10_f_data.py
F44	Диссоциативные конверсионные расстройства	diagnosis	icd10_f_data.py
F44.0	Диссоциативная амнезия	diagnosis	icd10_f_data.py
F44.1	Диссоциативная фуга	diagnosis	icd10_f_data.py
F44.2	Диссоциативный ступор	diagnosis	icd10_f_data.py
F44.3	Транс и одержимость	diagnosis	icd10_f_data.py
F44.4	Диссоциативные двигательные расстройства	diagnosis	icd10_f_data.py
F44.5	Диссоциативные судороги	diagnosis	icd10_f_data.py
F44.6	Диссоциативная анестезия или потеря чувственного восприятия	diagnosis	icd10_f_data.py
F44.7	Смешанные диссоциативные конверсионные расстройства	diagnosis	icd10_f_data.py
F44.8	Другие диссоциативные конверсионные расстройства	diagnosis	icd10_f_data.py
F44.9	Диссоциативное конверсионное расстройство неуточнённое	diagnosis	icd10_f_data.py
F45	Соматоформные расстройства	diagnosis	icd10_f_data.py
F45.0	Соматизированное расстройство	diagnosis	icd10_f_data.py
F45.1	Недифференцированное соматоформное расстройство	diagnosis	icd10_f_data.py
F45.2	Ипохондрическое расстройство	diagnosis	icd10_f_data.py
F45.3	Соматоформная дисфункция вегетативной нервной системы	diagnosis	icd10_f_data.py
F45.4	Устойчивое соматоформное болевое расстройство	diagnosis	icd10_f_data.py
F45.8	Другие соматоформные расстройства	diagnosis	icd10_f_data.py
F45.9	Соматоформное расстройство неуточнённое	diagnosis	icd10_f_data.py
F48	Другие невротические расстройства	diagnosis	icd10_f_data.py
F48.0	Неврастения	diagnosis	icd10_f_data.py
F48.1	Синдром деперсонализации-дереализации	diagnosis	icd10_f_data.py
F48.8	Другие уточнённые невротические расстройства	diagnosis	icd10_f_data.py
F48.9	Невротическое расстройство неуточнённое	diagnosis	icd10_f_data.py
F50	Расстройства приёма пищи	diagnosis	icd10_f_data.py
F50.0	Нервная анорексия	diagnosis	icd10_f_data.py
F50.1	Атипичная нервная анорексия	diagnosis	icd10_f_data.py
F50.2	Нервная булимия	diagnosis	icd10_f_data.py
F50.3	Атипичная нервная булимия	diagnosis	icd10_f_data.py
F50.4	Переедание, связанное с другими психологическими расстройствами	diagnosis	icd10_f_data.py
F50.5	Рвота, связанная с другими психологическими расстройствами	diagnosis	icd10_f_data.py
F50.8	Другие расстройства приёма пищи	diagnosis	icd10_f_data.py
F50.9	Расстройство приёма пищи неуточнённое	diagnosis	icd10_f_data.py
F51	Расстройства сна неорганической природы	diagnosis	icd10_f_data.py
F51.0	Бессонница неорганической природы	diagnosis	icd10_f_data.py
F51.1	Сонливость гиперсомния неорганической природы	diagnosis	icd10_f_data.py
F51.2	Расстройство режима сна и бодрствования неорганической природы	diagnosis	icd10_f_data.py
F51.3	Снохождение сомнамбулизм	diagnosis	icd10_f_data.py
F51.4	Ужасы во время сна	diagnosis	icd10_f_data.py
F51.5	Кошмары	diagnosis	icd10_f_data.py
F51.8	Другие расстройства сна неорганической природы	diagnosis	icd10_f_data.py
F51.9	Расстройство сна неорганической природы неуточнённое	diagnosis	icd10_f_data.py
F52	Сексуальная дисфункция, не обусловленная органическим расстройством или болезнью	diagnosis	icd10_f_data.py
F52.0	Отсутствие или потеря сексуального влечения	diagnosis	icd10_f_data.py
F52.1	Отвращение к сексуальной активности и отсутствие сексуального удовольствия	diagnosis	icd10_f_data.py
F52.2	Недостаточность генитальной реакции	diagnosis	icd10_f_data.py
F52.3	Оргазмическая дисфункция	diagnosis	icd10_f_data.py
F52.4	Преждевременная эякуляция	diagnosis	icd10_f_data.py
F52.5	Вагинизм неорганической природы	diagnosis	icd10_f_data.py
F52.6	Диспареуния неорганической природы	diagnosis	icd10_f_data.py
F52.7	Повышенное сексуальное влечение	diagnosis	icd10_f_data.py
F52.8	Другие сексуальные дисфункции неорганической природы	diagnosis	icd10_f_data.py
F52.9	Сексуальная дисфункция неорганической природы неуточнённая	diagnosis	icd10_f_data.py
F53	Психические расстройства и расстройства поведения, связанные с послеродовым периодом	diagnosis	icd10_f_data.py
F53.0	Лёгкие психические расстройства и расстройства поведения, связанные с послеродовым периодом	diagnosis	icd10_f_data.py
F53.1	Тяжёлые психические расстройства и расстройства поведения, связанные с послеродовым периодом	diagnosis	icd10_f_data.py
F53.8	Другие психические расстройства и расстройства поведения, связанные с послеродовым периодом	diagnosis	icd10_f_data.py
F53.9	Психическое расстройство, связанное с послеродовым периодом, неуточнённое	diagnosis	icd10_f_data.py
F54	Психологические и поведенческие факторы, связанные с болезнями, классифицированными в других рубриках	diagnosis	icd10_f_data.py
F55	Злоупотребление веществами, не вызывающими зависимость	diagnosis	icd10_f_data.py
F59	Поведенческие синдромы, связанные с физиологическими нарушениями и физическими факторами, неуточнённые	diagnosis	icd10_f_data.py
F60	Специфические расстройства личности	diagnosis	icd10_f_data.py
F60.0	Параноидное расстройство личности	diagnosis	icd10_f_data.py
F60.1	Шизоидное расстройство личности	diagnosis	icd10_f_data.py
F60.2	Диссоциальное расстройство личности	diagnosis	icd10_f_data.py
F60.3	Эмоционально неустойчивое расстройство личности	diagnosis	icd10_f_data.py
F60.4	Истерическое расстройство личности	diagnosis	icd10_f_data.py
F60.5	Ананкастное расстройство личности	diagnosis	icd10_f_data.py
F60.6	Тревожное уклоняющееся расстройство личности	diagnosis	icd10_f_data.py
F60.7	Зависимое расстройство личности	diagnosis	icd10_f_data.py
F60.8	Другие специфические расстройства личности	diagnosis	icd10_f_data.py
F60.9	Расстройство личности неуточнённое	diagnosis	icd10_f_data.py
F61	Смешанные и другие расстройства личности	diagnosis	icd10_f_data.py
F62	Стойкие изменения личности, не связанные с повреждением или болезнью головного мозга	diagnosis	icd10_f_data.py
F62.0	Стойкое изменение личности после переживания катастрофы	diagnosis	icd10_f_data.py
F62.1	Стойкое изменение личности после психической болезни	diagnosis	icd10_f_data.py
F62.8	Другие стойкие изменения личности	diagnosis	icd10_f_data.py
F62.9	Стойкое изменение личности неуточнённое	diagnosis	icd10_f_data.py
F63	Расстройства привычек и влечений	diagnosis	icd10_f_data.py
F63.0	Патологическое влечение к азартным играм	diagnosis	icd10_f_data.py
F63.1	Патологическое влечение к поджогам пиромания	diagnosis	icd10_f_data.py
F63.2	Патологическое влечение к воровству клептомания	diagnosis	icd10_f_data.py
F63.3	Трихотилломания	diagnosis	icd10_f_data.py
F63.8	Другие расстройства привычек и влечений	diagnosis	icd10_f_data.py
F63.9	Расстройство привычек и влечений неуточнённое	diagnosis	icd10_f_data.py
F64	Расстройства половой идентификации	diagnosis	icd10_f_data.py
F64.0	Транссексуализм	diagnosis	icd10_f_data.py
F64.1	Трансвестизм двойной роли	diagnosis	icd10_f_data.py
F64.2	Расстройство половой идентификации в детском возрасте	diagnosis	icd10_f_data.py
F64.8	Другие расстройства половой идентификации	diagnosis	icd10_f_data.py
F64.9	Расстройство половой идентификации неуточнённое	diagnosis	icd10_f_data.py
F65	Расстройства сексуального предпочтения	diagnosis	icd10_f_data.py
F65.0	Фетишизм	diagnosis	icd10_f_data.py
F65.1	Фетишистский трансвестизм	diagnosis	icd10_f_data.py
F65.2	Эксгибиционизм	diagnosis	icd10_f_data.py
F65.3	Вуайеризм	diagnosis	icd10_f_data.py
F65.4	Педофилия	diagnosis	icd10_f_data.py
F65.5	Садомазохизм	diagnosis	icd10_f_data.py
F65.6	Множественные расстройства сексуального предпочтения	diagnosis	icd10_f_data.py
F65.8	Другие расстройства сексуального предпочтения	diagnosis	icd10_f_data.py
F65.9	Расстройство сексуального предпочтения неуточнённое	diagnosis	icd10_f_data.py
F66	Психологические и поведенческие расстройства, связанные с сексуальным развитием и ориентацией	diagnosis	icd10_f_data.py
F66.0	Расстройство сексуального созревания	diagnosis	icd10_f_data.py
F66.1	Эгодистоническая сексуальная ориентация	diagnosis	icd10_f_data.py
F66.2	Расстройство сексуальных отношений	diagnosis	icd10_f_data.py
F66.8	Другие психосексуальные расстройства развития	diagnosis	icd10_f_data.py
F66.9	Психосексуальное расстройство развития неуточнённое	diagnosis	icd10_f_data.py
F68	Другие расстройства личности и поведения в зрелом возрасте	diagnosis	icd10_f_data.py
F68.0	Преувеличение физических симптомов по психологическим причинам	diagnosis	icd10_f_data.py
F68.1	Преднамеренное вызывание или симуляция симптомов или инвалидности	diagnosis	icd10_f_data.py
F68.8	Другие уточнённые расстройства личности и поведения в зрелом возрасте	diagnosis	icd10_f_data.py
F69	Расстройство личности и поведения в зрелом возрасте неуточнённое	diagnosis	icd10_f_data.py
F70	Умственная отсталость лёгкой степени	diagnosis	icd10_f_data.py
F71	Умственная отсталость умеренная	diagnosis	icd10_f_data.py
F72	Умственная отсталость тяжёлая	diagnosis	icd10_f_data.py
F73	Умственная отсталость глубокая	diagnosis	icd10_f_data.py
F78	Другие формы умственной отсталости	diagnosis	icd10_f_data.py
F79	Умственная отсталость неуточнённая	diagnosis	icd10_f_data.py
F80	Специфические расстройства развития речи и языка	diagnosis	icd10_f_data.py
F80.0	Специфическое расстройство речевой артикуляции	diagnosis	icd10_f_data.py
F80.1	Расстройство экспрессивной речи	diagnosis	icd10_f_data.py
F80.2	Расстройство рецептивной речи	diagnosis	icd10_f_data.py
F80.3	Приобретённая афазия с эпилепсией синдром Ландау-Клеффнера	diagnosis	icd10_f_data.py
F80.8	Другие расстройства развития речи и языка	diagnosis	icd10_f_data.py
F80.9	Расстройство развития речи и языка неуточнённое	diagnosis	icd10_f_data.py
F81	Специфические расстройства развития учебных навыков	diagnosis	icd10_f_data.py
F81.0	Специфическое расстройство чтения	diagnosis	icd10_f_data.py
F81.1	Специфическое расстройство спеллингования	diagnosis	icd10_f_data.py
F81.2	Специфическое расстройство арифметических навыков	diagnosis	icd10_f_data.py
F81.3	Смешанное расстройство учебных навыков	diagnosis	icd10_f_data.py
F81.8	Другие расстройства развития учебных навыков	diagnosis	icd10_f_data.py
F81.9	Расстройство развития учебных навыков неуточнённое	diagnosis	icd10_f_data.py
F82	Специфическое расстройство развития моторной функции	diagnosis	icd10_f_data.py
F83	Смешанные специфические расстройства психологического развития	diagnosis	icd10_f_data.py
F84	Общие расстройства психологического развития	diagnosis	icd10_f_data.py
F84.0	Детский аутизм	diagnosis	icd10_f_data.py
F84.1	Атипичный аутизм	diagnosis	icd10_f_data.py
F84.2	Синдром Ретта	diagnosis	icd10_f_data.py
F84.3	Другое дезинтегративное расстройство детского возраста	diagnosis	icd10_f_data.py
F84.4	Гиперактивное расстройство, сочетающееся с умственной отсталостью и стереотипными движениями	diagnosis	icd10_f_data.py
F84.5	Синдром Аспергера	diagnosis	icd10_f_data.py
F84.8	Другие общие расстройства психологического развития	diagnosis	icd10_f_data.py
F84.9	Общее расстройство психологического развития неуточнённое	diagnosis	icd10_f_data.py
F88	Другие расстройства психологического развития	diagnosis	icd10_f_data.py
F89	Расстройство психологического развития неуточнённое	diagnosis	icd10_f_data.py
F90	Гиперкинетические расстройства	diagnosis	icd10_f_data.py
F90.0	Нарушение активности и внимания	diagnosis	icd10_f_data.py
F90.1	Гиперкинетическое расстройство поведения	diagnosis	icd10_f_data.py
F90.8	Другие гиперкинетические расстройства	diagnosis	icd10_f_data.py
F90.9	Гиперкинетическое расстройство неуточнённое	diagnosis	icd10_f_data.py
F91	Расстройства поведения	diagnosis	icd10_f_data.py
F91.0	Расстройство поведения, ограниченное рамками семьи	diagnosis	icd10_f_data.py
F91.1	Несоциализированное расстройство поведения	diagnosis	icd10_f_data.py
F91.2	Социализированное расстройство поведения	diagnosis	icd10_f_data.py
F91.3	Оппозиционно-вызывающее расстройство	diagnosis	icd10_f_data.py
F91.8	Другие расстройства поведения	diagnosis	icd10_f_data.py
F91.9	Расстройство поведения неуточнённое	diagnosis	icd10_f_data.py
F92	Смешанные расстройства поведения и эмоций	diagnosis	icd10_f_data.py
F92.0	Депрессивное расстройство поведения	diagnosis	icd10_f_data.py
F92.8	Другие смешанные расстройства поведения и эмоций	diagnosis	icd10_f_data.py
F92.9	Смешанное расстройство поведения и эмоций неуточнённое	diagnosis	icd10_f_data.py
F93	Эмоциональные расстройства, начало которых специфично для детского возраста	diagnosis	icd10_f_data.py
F93.0	Тревожное расстройство у детей, вызванное разлукой	diagnosis	icd10_f_data.py
F93.1	Фобическое тревожное расстройство детского возраста	diagnosis	icd10_f_data.py
F93.2	Социальное тревожное расстройство детского возраста	diagnosis	icd10_f_data.py
F93.3	Расстройство сиблингового соперничества	diagnosis	icd10_f_data.py
F93.8	Другие эмоциональные расстройства детского возраста	diagnosis	icd10_f_data.py
F93.9	Эмоциональное расстройство детского возраста неуточнённое	diagnosis	icd10_f_data.py
F94	Расстройства социального функционирования, начало которых характерно для детского и подросткового возраста	diagnosis	icd10_f_data.py
F94.0	Элективный мутизм	diagnosis	icd10_f_data.py
F94.1	Реактивное расстройство привязанности детского возраста	diagnosis	icd10_f_data.py
F94.2	Расторможенное расстройство привязанности детского возраста	diagnosis	icd10_f_data.py
F94.8	Другие расстройства социального функционирования детского возраста	diagnosis	icd10_f_data.py
F94.9	Расстройство социального функционирования детского возраста неуточнённое	diagnosis	icd10_f_data.py
F95	Тики	diagnosis	icd10_f_data.py
F95.0	Транзиторные тики	diagnosis	icd10_f_data.py
F95.1	Хронические моторные или вокальные тики	diagnosis	icd10_f_data.py
F95.2	Комбинированные вокальные и множественные моторные тики синдром Туретта	diagnosis	icd10_f_data.py
F95.8	Другие тики	diagnosis	icd10_f_data.py
F95.9	Тик неуточнённый	diagnosis	icd10_f_data.py
F98	Другие эмоциональные расстройства и расстройства поведения, начинающиеся обычно в детском и подростковом возрасте	diagnosis	icd10_f_data.py
F98.0	Энурез неорганической природы	diagnosis	icd10_f_data.py
F98.1	Энкопрез неорганической природы	diagnosis	icd10_f_data.py
F98.2	Расстройство приёма пищи в младенческом и детском возрасте	diagnosis	icd10_f_data.py
F98.3	Поедание несъедобного младенцами и детьми	diagnosis	icd10_f_data.py
F98.4	Стереотипные двигательные расстройства	diagnosis	icd10_f_data.py
F98.5	Заикание	diagnosis	icd10_f_data.py
F98.6	Речь взахлёб	diagnosis	icd10_f_data.py
F98.8	Другие уточнённые эмоциональные расстройства и расстройства поведения	diagnosis	icd10_f_data.py
F98.9	Эмоциональное расстройство и расстройство поведения неуточнённое	diagnosis	icd10_f_data.py
F99	Психическое расстройство без дополнительных уточнений	diagnosis	icd10_f_data.py
